image_id,color,datetime
1746181292139.jpg,#491F0C,2020:03:10 17:12:17.522+03:00
1746181292155.jpg,#15100F,2020:11:21  18:31:56
1746181292171.jpg,#92827A,2020:03:03 16:14:33.416+03:00
1746181292187.jpg,#2E2D27,2020:10:02 10:20:22.91+03:00
1746181292204.jpg,#4A1A11,2020:11:04 11:07:04.768+03:00
1746181292221.jpg,#2B3926,2020:03:04 12:47:04.989+03:00
1746181292240.jpg,#646464,2020:12:21  21:23:38
1746181292255.jpg,#5A1F18,2020:11:04 11:12:16.015+03:00
1746181292268.jpg,#1D2B15,2020:03:15 16:08:43.12+03:00
1746181292286.jpg,#72553B,2020:12:25  22:36:12
1746181292301.jpg,#703633,2020:07:25 16:09:07
1746181292326.jpg,#422520,2020:03:03 16:15:08.706+03:00
1746181292346.jpg,#3E150E,2020:11:04 11:07:04.325+03:00
1746181292374.jpg,#100E0E,2020:03:15 16:32:55.34+03:00
1746181292397.jpg,#513924,2020:10:02 09:04:54.164+03:00
1746181292416.jpg,#17100D,2020:12:25 22:23:52
1746181292446.jpg,#4C4C4C,2020:11:27 14:13:55
1746181292473.jpg,#4B4B4B,2020:11:04 13:04:53
1746181292491.jpg,#6A4C41,2020:10:13 09:53:50
1746181292509.jpg,#463324,2020:10:02 09:04:54.164+03:00
1746181292548.jpg,#2A2F23,2020:03:15 16:09:55.74+03:00
1746181492226.jpg,#636762,2021:08:31 19:00:20
1746181492263.jpg,#050403,2021:11:29 15:04:17.873+03:00
1746181492286.jpg,#51352C,2021:08:13 10:18:49
1746181492307.jpg,#1E110D,2021:12:13 17:13:26
1746181492327.jpg,#72513C,2021:08:19 13:09:50
1746181492347.jpg,#5E353A,2021:03:23 13:54:50
1746181492370.jpg,#45221D,2021:10:27 00:14:20
1746181492394.jpg,#717171,2021:01:08 12:18:54
1746181492413.jpg,#211818,2021:02:10 22:01:25
1746181492433.jpg,#525564,2021:08:03 14:33:24
1746181492453.jpg,#151312,2021:10:10 19:14:41
1746181492489.jpg,#593E32,2021:10:30 15:00:22
1746181492521.jpg,#392B21,2021:12:17 13:55:41.404+03:00
1746181492548.jpg,#251A1A,2021:12:13 17:28:06.4+03:00
1746181492575.jpg,#20130E,2021:12:13 17:17:51.676+03:00
1746181492607.jpg,#1E110D,2021:12:13 17:13:26.374+03:00
1746181492629.jpg,#2F2F2F,2021:12:13 17:12:06.554+03:00
1746181492650.jpg,#483A3A,2021:12:13 17:11:32.982+03:00
1746181492671.jpg,#2F4749,2021:12:13 17:09:22.492+03:00
1746181492693.jpg,#231D17,2021:12:13 17:04:13.867+03:00
1746181492717.jpg,#443E32,2021:12:13 17:03:39.263+03:00
1746181492737.jpg,#372C22,2021:12:13 16:49:12.327+03:00
1746181492763.jpg,#4A5A33,2021:12:13 16:48:55.578+03:00
1746181492785.jpg,#50413D,2021:12:06 14:32:52.335+03:00
1746181492803.jpg,#2F2C2C,2021:11:20 17:58:44+03:00
1746181492824.jpg,#191410,2021:11:20 16:33:18.212+03:00
1746181492845.jpg,#484941,2021:11:20 16:32:37.296+03:00
1746181492868.jpg,#563F29,2021:11:20 14:10:48+03:00
1746181492892.jpg,#6E5837,2021:11:05 15:17:13+03:00
1746181492920.jpg,#914424,2021:11:01 12:55:58+03:00
1746181492946.jpg,#6C2F1B,2021:10:30 17:32:02+03:00
1746181492980.jpg,#2D251F,2021:10:26 16:30:45.084+03:00
1746181493010.jpg,#201112,2021:10:26 14:25:37+03:00
1746181493035.jpg,#4A341F,2021:10:26 12:42:24+03:00
1746181493058.jpg,#221512,2021:10:25 15:32:17+03:00
1746181493083.jpg,#595959,2021:09:19 12:29:57+03:00
1746181493105.jpg,#5C492D,2021:09:13 10:29:40+03:00
1746181493129.jpg,#3B3622,2021:07:11 16:09:56.605+03:00
1746181493151.jpg,#383E2D,2021:06:24 14:17:06.441+03:00
1746181493174.jpg,#3A573C,2021:06:14 12:57:51
1746181493198.jpg,#353535,2021:03:12  09:23:47
1746181493222.jpg,#1C1C1C,2021:03:10  18:04:01
1746181493243.jpg,#666666,2021:02:16  15:18:51
1746181493263.jpg,#50494A,2021:02:09 12:57:50
1746181493287.jpg,#615B5A,2021:01:31 11:33:39
1746181493307.jpg,#896140,2021:01:25  21:39:22
1746181493330.jpg,#8E7267,2021:01:18 17:39:04.637+03:00
1746181493350.jpg,#563E17,2021:01:18  17:38:00
1746181493373.jpg,#3F3831,2021:01:18  17:34:06
1746181493395.jpg,#38381E,2021:01:18   17:33:16
1746181626667.jpg,#505050,2022:09:28 15:10:18+03:00
1746181626681.jpg,#262626,2022:03:11 07:23:02+03:00
1746181626695.jpg,#484848,2022:03:05 13:17:03+03:00
1746181626709.jpg,#4C2D2C,2022:03:01 14:49:35+03:00
1746181626724.jpg,#3E341C,2022:03:01 12:23:46+03:00
1746181626740.jpg,#525252,2022:02:28 17:07:28+03:00
1746181626759.jpg,#1A1310,2022:02:15 06:19:31+03:00
1746181626773.jpg,#524843,2022:02:10 16:36:37+03:00
1746181626787.jpg,#4E4641,2022:02:03 16:45:36+03:00
20221021_142227.jpg,#5C4A2C,2022:10:21 14:22:27
20221127_161729.jpg,#422A17,2022:11:27 16:17:29
20221203_174210.jpg,#1F1A0A,2022:12:03 17:42:10
20230102_185620.jpg,#261413,2023:01:02 18:56:20
20230601_175231.jpg,#424242,2023:06:01 17:52:31
20230602_160243.jpg,#242424,2023:06:02 16:02:43
20230630_160540.jpg,#374345,2023:06:30 16:05:40
20230825_171912.jpg,#515151,2023:08:25 17:19:12
20230929_140341.jpg,#585858,2023:09:29 14:03:41
20231004_155854.jpg,#535353,2023:10:04 15:58:54
20231231_054727.jpg,#251513,2023:12:31 05:47:27
20231231_054737.jpg,#46251B,2023:12:31 05:47:37
IMG_20230807_190415.jpg,#0B0B0A,2023:08:07 19:04:16
IMG_20230807_190424.jpg,#11110F,2023:08:07 19:04:25
IMG_20231222_170141.jpg,#14211B,2023:12:22 17:01:41
IMG_20231222_170254.jpg,#303021,2023:12:22 17:02:54
IMG_20231222_170345.jpg,#092511,2023:12:22 17:03:45
LRM_20230711_115407.jpg,#272727,2023:07:11 11:54:07
LRM_20230711_120046.jpg,#2E2E2E,2023:07:11 12:00:46
LRM_20230711_120127.jpg,#707070,2023:07:11 12:01:27
LRM_20230711_130653.jpg,#4A4A4A,2023:07:11 13:06:53
LRM_20230711_130944.jpg,#B3B3B3,2023:07:11 13:09:44
LRM_20230711_131156.jpg,#353535,2023:07:11 13:11:56
LRM_20230711_131948.jpg,#2D2D2D,2023:07:11 13:19:48
LRM_20230711_132634.jpg,#1F1F1F,2023:07:11 13:26:34
LRM_20230711_143616.jpg,#282828,2023:07:11 14:36:16
LRM_20230716_164805.jpg,#201816,2023:07:16 16:48:05
LRM_20230716_171429.jpg,#525558,2023:07:16 17:14:29
LRM_20230716_171438.jpg,#414143,2023:07:16 17:14:38
IMG-20240405-WA0034.jpg,#5C4336,2024:04:05 21:15:13
IMG-20240405-WA0036.jpg,#4E4458,2024:04:05 21:15:13
IMG-20240524-WA0016.jpg,#0E1B22,2024:06:05 16:53:03
IMG-20241129-WA0011.jpg,#342514,2024:11:29 17:51:05
IMG_20240115_163509.jpg,#3C3C3C,2024:01:15 16:35:09
IMG_20240204_222420.jpg,#838383,2024:02:04 22:24:20
IMG_20240223_162847.jpg,#33556B,2024:02:23 16:28:47
IMG_20240223_162945.jpg,#5F5F5F,2024:02:23 16:29:46
IMG_20240514_170450.jpg,#7B7772,2024:05:14 17:04:50
IMG_20240927_162801.jpg,#2D2D2D,2024:09:27 16:28:01
IMG_20241023_152752.jpg,#6C7A88,2024:10:23 15:27:53
LRM_20240118_215051.jpg,#0B0B0B,2024:01:18 21:50:51
LRM_20240119_112048.jpg,#363636,2024:01:19 11:20:48
LRM_20240119_112338.jpg,#383838,2024:01:19 11:23:38
LRM_20240119_123405.jpg,#343434,2024:01:19 12:34:05
LRM_20240119_142918.jpg,#262626,2024:01:19 14:29:18
LRM_20240119_151728.jpg,#313131,2024:01:19 15:17:28
LRM_20240119_152226.jpg,#090909,2024:01:19 15:22:26
LRM_20240119_152604.jpg,#161616,2024:01:19 15:26:04
LRM_20240120_084116.jpg,#4B4B4B,2024:01:20 08:41:16
LRM_20240312_165136.jpg,#222317,2024:03:12 16:51:36
LRM_20240312_171051.jpg,#2B2B22,2024:03:12 17:10:51
LRM_20240312_171543.jpg,#625A41,2024:03:12 17:15:43
LRM_20240530_071939.jpg,#8C6E3F,2024:05:30 07:19:39
LRM_20240531_173044.jpg,#76797A,2024:05:31 17:30:44
LRM_20241217_122046.jpg,#888888,2024:12:17 12:20:46
SAVE_20240121_183218.jpg,#191919,2024:01:21  18:32:22
SAVE_20240121_183223.jpg,#3A3A3A,2024:01:21  18:32:23
SAVE_20240121_183306.jpg,#353027,2024:01:21  18:32:28
SAVE_20240121_184041.jpg,#1C1C1C,2024:01:21  18:40:28
hoots.jpg,#3E3E34,2025:03:10 14:33:57
IMG_20250119_161246_327.jpg,#5A5848,2025:01:19 16:12:46
IMG_20250214_115456.jpg,#696969,2025:02:14 11:54:56
Kaffee.jpg,#805E4E,2025:02:27 11:54:46
OG_meetup.jpg,#3F4752,2025:02:28 13:49:22
WhatsApp Bild 2025-03-16 um 23.15.20_9c2f3355.jpg,#423422,2025:03:16 19:28:23